質問カテゴリ,質問内容,質問の目的
導入・自己紹介,まず、簡単に自己紹介をお願いします。お名前、現在のお仕事、今回の応募に至った経緯を教えてください。,緊張をほぐし、基本情報を確認する。コミュニケーション能力の初期評価。
職歴・経験,これまでのご経験の中で、最も成果を上げた仕事について具体的に教えてください。,実務経験と成果創出能力を評価する。具体的な行動と結果を確認。
職歴・経験,これまでの仕事で最も困難だった状況と、それをどう乗り越えたか教えてください。,困難への対処能力、レジリエンス、学習能力を評価する。
転職理由,現在の職場を離れて、弊社への転職を考えられた理由を教えてください。,転職動機の妥当性、ネガティブな理由でないかを確認する。
志望動機,数ある企業の中で、なぜ弊社を志望されたのですか？弊社の魅力をどう感じていますか？,企業研究の深さ、本気度、価値観の適合性を評価する。
スキル・能力,この職種で活かせるご自身の強みやスキルについて、具体例とともに教えてください。,職務適性、スキルレベル、自己分析能力を評価する。
スキル・能力,ご自身の弱みや改善したい点があれば教えてください。それに対してどう取り組んでいますか？,自己認識力、改善意欲、成長可能性を評価する。
チームワーク,チームで働く際に大切にしていることは何ですか？具体的なエピソードがあれば教えてください。,協調性、リーダーシップ、コミュニケーション能力を評価する。
働き方・条件,理想的な働き方や職場環境について教えてください。,働き方の価値観、会社文化との適合性を確認する。
キャリアビジョン,5年後、10年後のキャリアビジョンについて教えてください。,長期的な視点、成長意欲、会社での定着可能性を評価する。
学習・成長,最近新しく学んだことや、スキルアップのために取り組んでいることはありますか？,継続的な学習意欲、自己投資への姿勢を評価する。
ストレス・課題対応,仕事でストレスを感じる時はどのような時ですか？そのストレスにどう対処していますか？,ストレス耐性、セルフマネジメント能力を評価する。
価値観・動機,仕事をする上で最も大切にしている価値観は何ですか？,価値観の適合性、仕事への姿勢、動機の質を評価する。
逆質問対応,最後に、弊社や職務について何かご質問はありますか？,関心度、準備度、コミュニケーション能力を最終確認する。